{"cameraMode":{"drawMode":0,"name":"Shaded","section":"Shading Mode"},"sceneLighting":false,"audioPlay":false,"sceneViewState":{"m_AlwaysRefresh":false,"showFog":true,"showSkybox":false,"showFlares":true,"showImageEffects":true,"showParticleSystems":true,"showVisualEffectGraphs":true,"m_FxEnabled":true},"in2DMode":false,"pivot":{"x":0.02794736623764038,"y":0.5622682571411133,"z":-0.058492422103881839},"rotation":{"x":0.11817115545272827,"y":0.2898165285587311,"z":-0.03620024025440216,"w":0.9491543769836426},"size":1.2948505878448487,"orthographic":true}