{"cameraMode":{"drawMode":0,"name":"Shaded","section":"Shading Mode"},"sceneLighting":true,"audioPlay":false,"sceneViewState":{"m_AlwaysRefresh":false,"showFog":true,"showSkybox":true,"showFlares":true,"showImageEffects":true,"showParticleSystems":true,"showVisualEffectGraphs":true,"m_FxEnabled":true},"in2DMode":false,"pivot":{"x":0.20581555366516114,"y":-2.052297592163086,"z":2.3706393241882326},"rotation":{"x":0.05241710692644119,"y":-0.7458076477050781,"z":0.05886853113770485,"w":0.6616142392158508},"size":8.126130104064942,"orthographic":true}