{"cameraMode":{"drawMode":0,"name":"Shaded","section":"Shading Mode"},"sceneLighting":false,"audioPlay":false,"sceneViewState":{"m_AlwaysRefresh":false,"showFog":true,"showSkybox":false,"showFlares":true,"showImageEffects":true,"showParticleSystems":true,"showVisualEffectGraphs":true,"m_FxEnabled":true},"in2DMode":false,"pivot":{"x":0.03536868095397949,"y":0.3714525103569031,"z":0.017949312925338746},"rotation":{"x":0.11817115545272827,"y":0.2898165285587311,"z":-0.03620024025440216,"w":0.9491543769836426},"size":0.7719497084617615,"orthographic":true}